Phase,Fraction,Guess for r
0.8349609375,5/6,6
0.0,0/1,1
0.08203125,1/12,12
0.00390625,0/1,1
0.19140625,4/21,21
0.4296875,3/7,7
0.64453125,9/14,14
0.6474609375,11/17,17
0.8759765625,7/8,8
0.2958984375,5/17,17
0.8427734375,16/19,19
0.7470703125,3/4,4
0.3310546875,1/3,3
0.9677734375,20/21,21
0.16015625,3/19,19
0.638671875,7/11,11
0.142578125,1/7,7
0.56640625,9/16,16
0.015625,0/1,1
0.0556640625,1/18,18
0.8134765625,13/16,16
0.26953125,4/15,15
0.140625,1/7,7
0.0068359375,0/1,1
0.4912109375,1/2,2
0.310546875,5/16,16
0.421875,8/19,19
0.927734375,13/14,14
0.5673828125,4/7,7
0.8330078125,5/6,6
0.7158203125,5/7,7
0.833984375,5/6,6
0.9619140625,20/21,21
0.189453125,4/21,21
0.7109375,5/7,7
0.953125,20/21,21
0.8984375,9/10,10
0.1953125,1/5,5
0.20703125,4/19,19
0.12890625,1/8,8
0.7138671875,5/7,7
0.869140625,13/15,15
0.169921875,1/6,6
0.2509765625,1/4,4
0.2099609375,4/19,19
0.5078125,1/2,2
0.5400390625,7/13,13
0.78125,7/9,9
0.056640625,1/18,18
0.576171875,11/19,19
0.4287109375,3/7,7
0.2421875,5/21,21
0.71875,13/18,18
0.9765625,1/1,1
0.4375,7/16,16
0.546875,6/11,11
0.173828125,3/17,17
0.830078125,5/6,6
0.8115234375,13/16,16
0.400390625,2/5,5
0.9091796875,10/11,11
0.17578125,3/17,17
0.2255859375,2/9,9
0.2236328125,2/9,9
0.9482421875,18/19,19
0.373046875,3/8,8
0.185546875,3/16,16
0.853515625,17/20,20
0.8955078125,17/19,19
0.47265625,9/19,19
0.97265625,20/21,21
0.55859375,5/9,9
0.9716796875,20/21,21
0.6767578125,13/19,19
0.724609375,13/18,18
0.34375,7/20,20
0.265625,4/15,15
0.8291015625,5/6,6
0.2724609375,3/11,11
0.8720703125,7/8,8
0.166015625,1/6,6
0.005859375,0/1,1
0.99609375,1/1,1
0.572265625,4/7,7
0.072265625,1/14,14
0.4736328125,9/19,19
0.3798828125,8/21,21
0.2626953125,5/19,19
0.623046875,5/8,8
0.251953125,1/4,4
0.5927734375,10/17,17
0.669921875,2/3,3
0.3173828125,6/19,19
0.3837890625,5/13,13
0.873046875,7/8,8
0.4619140625,6/13,13
0.53515625,8/15,15
0.818359375,9/11,11
0.48046875,10/21,21
0.51171875,1/2,2
0.4228515625,8/19,19
0.5205078125,11/21,21
0.4970703125,1/2,2
0.267578125,4/15,15
0.205078125,1/5,5
0.4140625,7/17,17
0.216796875,3/14,14
0.2431640625,5/21,21
0.208984375,4/19,19
0.908203125,10/11,11
0.123046875,1/8,8
0.212890625,3/14,14
0.478515625,10/21,21
0.078125,1/13,13
0.50390625,1/2,2
0.4404296875,7/16,16
0.1669921875,1/6,6
0.703125,12/17,17
0.7099609375,12/17,17
0.224609375,2/9,9
0.9755859375,20/21,21
0.2890625,2/7,7
0.357421875,5/14,14
0.146484375,3/20,20
0.7529296875,3/4,4
0.7958984375,4/5,5
0.826171875,14/17,17
0.630859375,12/19,19
0.279296875,5/18,18
0.419921875,8/19,19
0.4873046875,10/21,21
0.912109375,10/11,11
0.291015625,5/17,17
0.3515625,6/17,17
0.55078125,11/20,20
0.1201171875,2/17,17
0.63671875,7/11,11
0.763671875,13/17,17
0.923828125,12/13,13
0.1796875,2/11,11
0.28125,5/18,18
0.0234375,0/1,1
0.765625,13/17,17
0.30078125,3/10,10
0.72265625,13/18,18
0.958984375,20/21,21
0.7216796875,13/18,18
0.6708984375,2/3,3
0.453125,5/11,11
0.611328125,11/18,18
0.935546875,15/16,16
0.7431640625,14/19,19
0.7421875,14/19,19
0.2109375,4/19,19
0.5107421875,1/2,2
0.919921875,12/13,13
0.12109375,2/17,17
0.693359375,9/13,13
0.8828125,15/17,17
0.5185546875,11/21,21
0.728515625,8/11,11
0.8681640625,13/15,15
0.35546875,5/14,14
0.369140625,7/19,19
0.0400390625,1/21,21
0.2080078125,4/19,19
0.2578125,5/19,19
0.4716796875,8/17,17
0.814453125,13/16,16
0.544921875,6/11,11
0.033203125,1/21,21
0.080078125,1/13,13
0.4814453125,10/21,21
0.484375,10/21,21
0.49609375,1/2,2
0.046875,1/21,21
0.103515625,2/19,19
0.4541015625,5/11,11
0.9375,15/16,16
0.806640625,17/21,21
0.537109375,7/13,13
0.677734375,13/19,19
0.560546875,9/16,16
0.423828125,8/19,19
0.4423828125,4/9,9
0.1064453125,2/19,19
0.884765625,15/17,17
0.4599609375,6/13,13
0.30859375,4/13,13
0.048828125,1/20,20
0.71484375,5/7,7
0.5810546875,11/19,19
0.1708984375,1/6,6
0.3037109375,3/10,10
0.2900390625,5/17,17
0.755859375,3/4,4
0.9423828125,16/17,17
0.39453125,2/5,5
0.5732421875,4/7,7
0.849609375,17/20,20
0.447265625,9/20,20
0.1943359375,4/21,21
0.7314453125,11/15,15
0.234375,4/17,17
0.19921875,1/5,5
0.28515625,2/7,7
0.03515625,1/21,21
0.25390625,1/4,4
0.498046875,1/2,2
0.4365234375,7/16,16
0.947265625,18/19,19
0.4921875,1/2,2
0.439453125,7/16,16
0.07421875,1/13,13
0.62109375,13/21,21
0.4658203125,7/15,15
0.87890625,15/17,17
0.09765625,1/10,10
0.37109375,7/19,19
0.2177734375,3/14,14
0.0654296875,1/15,15
0.5,1/2,2
0.24609375,1/4,4
0.8203125,9/11,11
0.392578125,7/18,18
0.18359375,2/11,11
0.5517578125,11/20,20
0.13671875,2/15,15
0.0546875,1/18,18
0.759765625,16/21,21
0.8671875,13/15,15
0.044921875,1/21,21
0.6640625,2/3,3
0.3056640625,4/13,13
0.501953125,1/2,2
0.767578125,10/13,13
0.671875,2/3,3
0.9580078125,20/21,21
0.6484375,11/17,17
0.296875,5/17,17
0.6845703125,13/19,19
0.490234375,1/2,2
0.625,5/8,8
0.966796875,20/21,21
0.0703125,1/14,14
0.6630859375,2/3,3
0.9296875,13/14,14
0.203125,1/5,5
0.7861328125,11/14,14
0.396484375,2/5,5
0.73046875,11/15,15
0.751953125,3/4,4
0.736328125,14/19,19
0.5615234375,9/16,16
0.732421875,11/15,15
0.974609375,20/21,21
0.486328125,10/21,21
0.890625,8/9,9
0.201171875,1/5,5
0.90625,19/21,21
0.712890625,5/7,7
0.94140625,16/17,17
0.529296875,9/17,17
0.994140625,1/1,1
0.1328125,2/15,15
0.017578125,0/1,1
0.0908203125,1/11,11
0.861328125,6/7,7
0.2001953125,1/5,5
0.634765625,7/11,11
0.53125,9/17,17
0.1650390625,1/6,6
0.740234375,14/19,19
0.76171875,16/21,21
0.9921875,1/1,1
0.154296875,2/13,13
0.943359375,17/18,18
0.7275390625,8/11,11
0.6044921875,3/5,5
0.6376953125,7/11,11
0.037109375,1/21,21
0.892578125,17/19,19
0.458984375,6/13,13
0.80859375,17/21,21
0.353515625,6/17,17
0.6611328125,2/3,3
0.533203125,8/15,15
0.0986328125,1/10,10
0.2021484375,1/5,5
0.978515625,1/1,1
0.3427734375,7/20,20
0.5380859375,7/13,13
0.66796875,2/3,3
0.998046875,1/1,1
0.4462890625,4/9,9
0.0107421875,0/1,1
0.5888671875,10/17,17
0.05859375,1/17,17
0.34765625,7/20,20
0.548828125,11/20,20
0.9609375,20/21,21
0.578125,11/19,19
0.43359375,7/16,16
0.29296875,5/17,17
0.91796875,11/12,12
0.541015625,7/13,13
0.5849609375,7/12,12
0.0927734375,1/11,11
0.984375,1/1,1
0.640625,9/14,14
0.0751953125,1/13,13
0.255859375,1/4,4
0.1904296875,4/21,21
0.69921875,7/10,10
0.9521484375,20/21,21
0.26171875,5/19,19
0.58203125,7/12,12
0.052734375,1/19,19
0.466796875,7/15,15
0.333984375,1/3,3
0.021484375,0/1,1
0.3701171875,7/19,19
0.3369140625,1/3,3
0.125,1/8,8
0.0947265625,2/21,21
0.697265625,7/10,10
0.515625,11/21,21
0.794921875,4/5,5
0.130859375,2/15,15
0.095703125,2/21,21
0.6796875,13/19,19
0.14453125,1/7,7
0.96875,20/21,21
0.01953125,0/1,1
0.11328125,1/9,9
0.0087890625,0/1,1
0.3681640625,7/19,19
0.5498046875,11/20,20
0.6953125,9/13,13
0.70703125,12/17,17
0.5859375,10/17,17
0.92578125,12/13,13
0.6279296875,5/8,8
0.66015625,2/3,3
0.5361328125,7/13,13
0.3720703125,3/8,8
0.3095703125,4/13,13
0.4443359375,4/9,9
0.1025390625,1/10,10
0.33203125,1/3,3
0.326171875,1/3,3
0.5244140625,11/21,21
0.427734375,3/7,7
0.689453125,11/16,16
0.197265625,1/5,5
0.0439453125,1/21,21
0.4326171875,3/7,7
0.2607421875,5/19,19
0.3046875,4/13,13
0.9111328125,10/11,11
0.5458984375,6/11,11
0.6083984375,11/18,18
0.8193359375,9/11,11
0.587890625,10/17,17
0.23828125,5/21,21
0.470703125,8/17,17
0.05078125,1/20,20
0.9462890625,18/19,19
0.6689453125,2/3,3
0.796875,4/5,5
0.16796875,1/6,6
0.220703125,2/9,9
0.041015625,1/21,21
0.9912109375,1/1,1
0.59375,10/17,17
0.5087890625,1/2,2
0.79296875,15/19,19
0.7900390625,15/19,19
0.494140625,1/2,2
0.0625,1/16,16
0.4765625,10/21,21
0.6875,11/16,16
0.705078125,12/17,17
0.4208984375,8/19,19
0.15625,3/19,19
0.654296875,13/20,20
0.376953125,3/8,8
0.7119140625,5/7,7
0.9140625,11/12,12
0.5009765625,1/2,2
0.2998046875,3/10,10
0.4072265625,7/17,17
0.1357421875,2/15,15
0.4990234375,1/2,2
0.7607421875,16/21,21
0.1552734375,2/13,13
0.904296875,19/21,21
0.73828125,14/19,19
0.6826171875,13/19,19
0.970703125,20/21,21
0.9072265625,10/11,11
0.21484375,3/14,14
0.1015625,1/10,10
0.9853515625,1/1,1
0.57421875,4/7,7
0.720703125,13/18,18
0.001953125,0/1,1
0.828125,14/17,17
0.716796875,5/7,7
0.5625,9/16,16
0.271484375,3/11,11
0.951171875,19/20,20
0.2841796875,2/7,7
0.1923828125,4/21,21
0.6904296875,9/13,13
0.7041015625,12/17,17
0.345703125,7/20,20
0.0361328125,1/21,21
0.41796875,5/12,12
0.1875,3/16,16
0.3818359375,8/21,21
0.619140625,13/21,21
0.3193359375,6/19,19
0.46875,8/17,17
0.62890625,12/19,19
0.4931640625,1/2,2
0.2197265625,2/9,9
0.8466796875,11/13,13
0.1884765625,3/16,16
0.126953125,1/8,8
0.384765625,5/13,13
0.134765625,2/15,15
0.8740234375,7/8,8
0.1484375,3/20,20
0.8408203125,16/19,19
0.865234375,13/15,15
0.916015625,11/12,12
0.23046875,3/13,13
0.84765625,11/13,13
0.8935546875,17/19,19
0.9326171875,14/15,15
0.8701171875,13/15,15
0.328125,1/3,3
0.65625,13/20,20
0.2119140625,4/19,19
0.89453125,17/19,19
0.3935546875,7/18,18
0.177734375,3/17,17
0.2353515625,4/17,17
0.9228515625,12/13,13
0.1416015625,1/7,7
0.6318359375,12/19,19
0.615234375,8/13,13
0.95703125,20/21,21
0.564453125,9/16,16
0.4482421875,9/20,20
0.744140625,3/4,4
0.6669921875,2/3,3
0.3896484375,7/18,18
0.33984375,1/3,3
0.1513671875,3/20,20
0.3857421875,5/13,13
0.9951171875,1/1,1
0.38671875,5/13,13
0.462890625,6/13,13
0.787109375,11/14,14
0.7265625,8/11,11
0.7802734375,7/9,9
0.7646484375,13/17,17
0.083984375,1/12,12
0.150390625,3/20,20
0.40234375,2/5,5
0.5302734375,9/17,17
0.982421875,1/1,1
0.900390625,9/10,10
0.986328125,1/1,1
0.98828125,1/1,1
0.7685546875,10/13,13
0.318359375,6/19,19
0.0419921875,1/21,21
0.306640625,4/13,13
0.1982421875,1/5,5
0.1142578125,1/9,9
0.44921875,9/20,20
0.65234375,13/20,20
0.4609375,6/13,13
0.509765625,1/2,2
0.6572265625,13/20,20
0.658203125,13/20,20
0.091796875,1/11,11
0.2216796875,2/9,9
0.2451171875,1/4,4
0.9150390625,11/12,12
0.2529296875,1/4,4
0.748046875,3/4,4
0.9931640625,1/1,1
0.1630859375,1/6,6
0.681640625,13/19,19
0.1435546875,1/7,7
0.2138671875,3/14,14
0.7451171875,3/4,4
0.240234375,5/21,21
0.75,3/4,4
0.4189453125,8/19,19
0.42578125,3/7,7
0.3740234375,3/8,8
0.556640625,5/9,9
0.822265625,14/17,17
0.7822265625,11/14,14
0.3408203125,1/3,3
0.880859375,15/17,17
0.22265625,2/9,9
0.1220703125,1/8,8
0.875,7/8,8
0.54296875,6/11,11
0.21875,2/9,9
0.44140625,4/9,9
0.36328125,4/11,11
0.3203125,6/19,19
0.0771484375,1/13,13
0.115234375,2/17,17
0.45703125,5/11,11
0.232421875,3/13,13
0.841796875,16/19,19
0.416015625,5/12,12
0.810546875,17/21,21
0.5556640625,5/9,9
0.0673828125,1/15,15
0.138671875,1/7,7
0.775390625,7/9,9
0.2314453125,3/13,13
0.2333984375,4/17,17
0.80078125,4/5,5
0.76953125,10/13,13
0.0732421875,1/14,14
0.521484375,11/21,21
0.6201171875,13/21,21
0.25,1/4,4
0.0302734375,1/21,21
0.5546875,5/9,9
0.82421875,14/17,17
0.4384765625,7/16,16
0.6494140625,13/20,20
0.98046875,1/1,1
0.6591796875,2/3,3
0.5595703125,9/16,16
0.109375,1/9,9
0.5830078125,7/12,12
0.48828125,1/2,2
0.3779296875,3/8,8
0.51953125,11/21,21
0.15234375,2/13,13
0.58984375,10/17,17
0.6240234375,5/8,8
0.90234375,9/10,10
0.32421875,6/19,19
0.5791015625,11/19,19
0.3955078125,2/5,5
0.3876953125,7/18,18
0.0810546875,1/12,12
0.455078125,5/11,11
0.2294921875,3/13,13
0.330078125,1/3,3
0.86328125,13/15,15
0.443359375,4/9,9
0.3212890625,6/19,19
0.896484375,17/19,19
0.837890625,16/19,19
0.4130859375,7/17,17
0.4833984375,10/21,21
0.1376953125,2/15,15
0.7568359375,16/21,21
0.1474609375,3/20,20
0.9501953125,19/20,20
0.228515625,3/13,13
0.6455078125,11/17,17
0.8037109375,4/5,5
0.40625,7/17,17
0.3232421875,6/19,19
0.646484375,11/17,17
0.3447265625,7/20,20
0.3671875,7/19,19
0.94921875,19/20,20
0.025390625,1/21,21
0.9892578125,1/1,1
0.5703125,4/7,7
0.31640625,6/19,19
0.5390625,7/13,13
0.8876953125,8/9,9
0.2373046875,5/21,21
0.1171875,2/17,17
0.9990234375,1/1,1
0.8251953125,14/17,17
0.4453125,4/9,9
0.8046875,4/5,5
0.06640625,1/15,15
0.87109375,7/8,8
0.1962890625,1/5,5
0.7880859375,15/19,19
0.451171875,9/20,20
0.52734375,10/19,19
0.83984375,16/19,19
0.9658203125,20/21,21
0.1494140625,3/20,20
0.955078125,20/21,21
0.8486328125,17/20,20
0.341796875,7/20,20
0.0390625,1/21,21
0.67578125,13/19,19
0.59765625,3/5,5
0.1787109375,3/17,17
0.6171875,8/13,13
0.8154296875,9/11,11
0.076171875,1/13,13
0.474609375,9/19,19
0.6435546875,9/14,14
0.283203125,2/7,7
0.921875,12/13,13
0.8515625,17/20,20
0.4892578125,1/2,2
0.888671875,8/9,9
0.8994140625,9/10,10
0.91015625,10/11,11
0.81640625,9/11,11
0.857421875,6/7,7
0.845703125,11/13,13
0.4677734375,7/15,15
0.375,3/8,8
0.0078125,0/1,1
0.158203125,3/19,19
0.0263671875,1/21,21
0.9404296875,16/17,17
0.708984375,12/17,17
0.361328125,4/11,11
0.7587890625,16/21,21
0.7841796875,11/14,14
0.5234375,11/21,21
0.5029296875,1/2,2
0.46484375,7/15,15
0.6748046875,2/3,3
0.83203125,5/6,6
0.2822265625,2/7,7
0.9384765625,15/16,16
0.6728515625,2/3,3
0.3154296875,6/19,19
0.7548828125,3/4,4
0.802734375,4/5,5
0.193359375,4/21,21
0.2470703125,1/4,4
0.1572265625,3/19,19
0.609375,11/18,18
0.298828125,3/10,10
0.5771484375,11/19,19
0.02734375,1/21,21
0.107421875,2/19,19
0.9130859375,11/12,12
0.61328125,8/13,13
0.3828125,5/13,13
0.626953125,5/8,8
0.6513671875,13/20,20
0.9033203125,19/21,21
0.798828125,4/5,5
0.068359375,1/15,15
0.1123046875,1/9,9
0.4013671875,2/5,5
0.5048828125,1/2,2
0.6015625,3/5,5
0.673828125,2/3,3
0.380859375,8/21,21
0.1103515625,1/9,9
0.0029296875,0/1,1
0.8359375,5/6,6
0.0185546875,0/1,1
0.4248046875,8/19,19
0.7724609375,10/13,13
0.583984375,7/12,12
0.09375,2/21,21
0.8798828125,15/17,17
0.9267578125,13/14,14
0.666015625,2/3,3
0.2060546875,4/19,19
0.7080078125,12/17,17
0.1005859375,1/10,10
0.88671875,8/9,9
0.6982421875,7/10,10
0.171875,3/17,17
0.314453125,6/19,19
0.1640625,1/6,6
0.029296875,1/21,21
0.685546875,13/19,19
0.8095703125,17/21,21
0.7490234375,3/4,4
0.3623046875,4/11,11
0.060546875,1/17,17
0.0869140625,1/12,12
0.03125,1/21,21
0.595703125,3/5,5
0.0166015625,0/1,1
0.60546875,3/5,5
0.93359375,14/15,15
0.248046875,1/4,4
0.3486328125,7/20,20
0.388671875,7/18,18
0.9794921875,1/1,1
0.263671875,5/19,19
0.404296875,2/5,5
0.9736328125,20/21,21
0.4052734375,2/5,5
0.08984375,1/11,11
0.162109375,3/19,19
0.642578125,9/14,14
0.4638671875,6/13,13
0.701171875,7/10,10
0.3583984375,5/14,14
0.4794921875,10/21,21
0.9345703125,14/15,15
0.7919921875,15/19,19
0.8212890625,14/17,17
0.5654296875,9/16,16
0.859375,6/7,7
0.77734375,7/9,9
0.1259765625,1/8,8
0.8896484375,8/9,9
0.0458984375,1/21,21
0.5751953125,11/19,19
0.27734375,5/18,18
0.8017578125,4/5,5
0.482421875,10/21,21
0.9169921875,11/12,12
0.1318359375,2/15,15
0.939453125,16/17,17
0.3291015625,1/3,3
0.3359375,1/3,3
0.3916015625,7/18,18
0.84375,16/19,19
0.408203125,7/17,17
0.962890625,20/21,21
0.3984375,2/5,5
0.435546875,7/16,16
0.009765625,0/1,1
0.1240234375,1/8,8
0.7763671875,7/9,9
0.390625,7/18,18
0.0244140625,1/21,21
0.287109375,2/7,7
0.4150390625,5/12,12
0.8369140625,5/6,6
0.1845703125,2/11,11
0.1806640625,2/11,11
0.111328125,1/9,9
0.78515625,11/14,14
0.236328125,4/17,17
0.1767578125,3/17,17
0.9697265625,20/21,21
0.431640625,3/7,7
0.990234375,1/1,1
0.8525390625,17/20,20
0.7197265625,13/18,18
0.0712890625,1/14,14
0.5263671875,10/19,19
0.0478515625,1/21,21
0.0830078125,1/12,12
0.3544921875,6/17,17
0.2802734375,5/18,18
0.5224609375,11/21,21
0.7236328125,13/18,18
0.0859375,1/12,12
0.2158203125,3/14,14
0.8125,13/16,16
0.7578125,16/21,21
0.525390625,10/19,19
0.876953125,7/8,8
0.85546875,6/7,7
0.359375,5/14,14
0.5712890625,4/7,7
0.5419921875,6/11,11
0.275390625,5/18,18
0.3330078125,1/3,3
0.513671875,11/21,21
0.75390625,3/4,4
0.5439453125,6/11,11
0.8447265625,11/13,13
0.2783203125,5/18,18
0.6259765625,5/8,8
0.6962890625,7/10,10
0.6220703125,5/8,8
0.2265625,3/13,13
0.599609375,3/5,5
0.9814453125,1/1,1
0.37890625,8/21,21
0.7177734375,5/7,7
0.779296875,7/9,9
0.7783203125,7/9,9
0.607421875,11/18,18
0.931640625,14/15,15
0.69140625,9/13,13
0.0146484375,0/1,1
0.7705078125,10/13,13
0.9638671875,20/21,21
0.9013671875,9/10,10
0.1279296875,1/8,8
0.5166015625,11/21,21
0.4775390625,10/21,21
0.0791015625,1/13,13
0.6533203125,13/20,20
0.6298828125,12/19,19
0.5126953125,11/21,21
0.74609375,3/4,4
0.8076171875,17/21,21
0.1826171875,2/11,11
0.8662109375,13/15,15
0.5322265625,8/15,15
0.1591796875,3/19,19
0.6416015625,9/14,14
0.4521484375,9/20,20
0.3125,5/16,16
0.771484375,10/13,13
0.6005859375,3/5,5
0.1044921875,2/19,19
0.9052734375,19/21,21
0.7666015625,13/17,17
0.580078125,11/19,19
0.01171875,0/1,1
0.3603515625,5/14,14
0.8232421875,14/17,17
0.2978515625,3/10,10
0.244140625,1/4,4
0.3974609375,2/5,5
0.0576171875,1/17,17
0.0693359375,1/14,14
0.4951171875,1/2,2
0.8818359375,15/17,17
0.1083984375,1/9,9
0.517578125,11/21,21
0.322265625,6/19,19
0.662109375,2/3,3
0.8603515625,6/7,7
0.9365234375,15/16,16
0.591796875,10/17,17
0.04296875,1/21,21
0.365234375,4/11,11
0.6337890625,12/19,19
0.087890625,1/11,11
0.8056640625,17/21,21
0.8388671875,16/19,19
0.552734375,11/20,20
0.5146484375,11/21,21
0.568359375,4/7,7
0.2392578125,5/21,21
0.9248046875,12/13,13
0.0498046875,1/20,20
0.6552734375,13/20,20
0.7412109375,14/19,19
0.6923828125,9/13,13
0.0224609375,0/1,1
0.1455078125,1/7,7
0.3388671875,1/3,3
0.412109375,7/17,17
0.505859375,1/2,2
0.181640625,2/11,11
0.734375,11/15,15
0.5869140625,10/17,17
0.1298828125,2/15,15
0.9970703125,1/1,1
0.10546875,2/19,19
0.0205078125,0/1,1
0.4169921875,5/12,12
0.8837890625,15/17,17
0.6396484375,9/14,14
0.8505859375,17/20,20
0.3525390625,6/17,17
0.6357421875,7/11,11
0.5283203125,9/17,17
0.2041015625,1/5,5
0.68359375,13/19,19
0.7392578125,14/19,19
0.0380859375,1/21,21
0.8173828125,9/11,11
0.3251953125,1/3,3
0.0888671875,1/11,11
0.2587890625,5/19,19
0.6328125,12/19,19
0.7509765625,3/4,4
0.0615234375,1/16,16
0.6181640625,13/21,21
0.2412109375,5/21,21
0.7890625,15/19,19
0.0341796875,1/21,21
0.9833984375,1/1,1
0.9873046875,1/1,1
0.7744140625,7/9,9
0.2880859375,2/7,7
0.5478515625,11/20,20
0.8974609375,9/10,10
0.7255859375,8/11,11
0.4306640625,3/7,7
0.8779296875,7/8,8
0.8916015625,8/9,9
0.099609375,1/10,10
0.7353515625,14/19,19
0.7734375,10/13,13
0.6943359375,9/13,13
0.349609375,7/20,20
0.2919921875,5/17,17
0.6865234375,11/16,16
0.7998046875,4/5,5
0.5966796875,3/5,5
0.6142578125,8/13,13
0.8583984375,6/7,7
0.9453125,17/18,18
0.3662109375,7/19,19
0.96484375,20/21,21
0.1337890625,2/15,15
0.4580078125,5/11,11
0.603515625,3/5,5
0.1865234375,3/16,16
0.41015625,7/17,17
0.0009765625,0/1,1
0.7021484375,7/10,10
0.3017578125,3/10,10
0.302734375,3/10,10
0.9599609375,20/21,21
0.6650390625,2/3,3
0.119140625,2/17,17
0.064453125,1/16,16
0.8271484375,14/17,17
0.3115234375,5/16,16
0.650390625,13/20,20
0.2275390625,3/13,13
0.0517578125,1/19,19
0.7001953125,7/10,10
0.4033203125,2/5,5
0.9287109375,13/14,14
0.791015625,15/19,19
0.3076171875,4/13,13
0.4560546875,5/11,11
0.4501953125,9/20,20
0.2734375,3/11,11
0.3349609375,1/3,3
0.337890625,1/3,3
0.3759765625,3/8,8
0.9443359375,17/18,18
0.0634765625,1/16,16
0.6806640625,13/19,19
0.7060546875,12/17,17
0.7373046875,14/19,19
0.294921875,5/17,17
0.8544921875,6/7,7
0.2763671875,5/18,18
0.9189453125,11/12,12
0.6064453125,11/18,18
0.1748046875,3/17,17
0.2939453125,5/17,17
0.2646484375,5/19,19
0.5908203125,10/17,17
0.3642578125,4/11,11
0.4697265625,8/17,17
0.8310546875,5/6,6
0.3271484375,1/3,3
0.9541015625,20/21,21
0.9306640625,13/14,14
0.5068359375,1/2,2
0.4755859375,10/21,21
0.0126953125,0/1,1
0.5341796875,8/15,15
0.783203125,11/14,14
0.0595703125,1/17,17
0.4267578125,3/7,7
0.0849609375,1/12,12
0.7294921875,8/11,11
0.6025390625,3/5,5
0.2744140625,3/11,11
